Country﻿,2021
Benin,54.55410057
Cabo Verde,65.87180078
Ethiopia,56.84159433
Kenya,58.49392828
Nigeria,54.61496187
Sudan,55.76737966
Senegal,56.69461813
Tanzania,53.83934853
South Africa,67.15182283
Zambia,54.53010057
